{

	"metadata" :
	{
		"formatVersion" : 3.1,
		"generatedBy"   : "Blender 2.7 Exporter",
		"vertices"      : 110,
		"faces"         : 77,
		"normals"       : 31,
		"colors"        : 0,
		"uvs"           : [176],
		"materials"     : 0,
		"morphTargets"  : 0,
		"bones"         : 0
	},

	"scale" : 1.000000,

	"materials" : [],

	"vertices" : [0,0.5,2,0,0.5,-2.18557e-08,3,0.5,-2.18557e-08,1.625,3,2,0,6,2,0,6,-2.62268e-07,3,6,-2.62268e-07,0.375,3,2,2,6,-2.62268e-07,2,0.5,-2.18557e-08,2,6,2,2,0.5,2,3,0.5,1.875,3,6,1.875,0,0.5,1.875,0,6,1.875,2,6,1.875,2,0.5,1.875,1.625,2,2,0.375,2,2,1.375,2.875,1.375,0.625,2.875,1.375,1.375,2,1.375,0.625,2,1.375,3,0.5,2,0,0.5,2.0625,2,0.5,2.0625,3,0.5,2.0625,0,8.74228e-08,2,0,0,0,3,0,0,2,0,0,3,8.19589e-08,1.875,0,8.19589e-08,1.875,3,8.74228e-08,2,0,9.01547e-08,2.0625,2,9.01547e-08,2.0625,3,9.01547e-08,2.0625,2.75,4,1.875,2.25,4,1.875,2.75,3.375,1.875,2.25,3.375,1.875,2.75,4,1.9375,2.25,4,1.9375,2.75,3.375,1.9375,2.25,3.375,1.9375,0.375,4.25,2,0.625,4.25,2,0.375,4.125,2,0.625,4.125,2,0.375,4.25,2.04687,0.625,4.25,2.04687,0.375,4.125,2.04687,0.625,4.125,2.04687,0.375,4,2,0.625,4,2,0.375,3.875,2,0.625,3.875,2,0.375,4,2.04687,0.625,4,2.04687,0.375,3.875,2.04687,0.625,3.875,2.04687,0.375,3.75,2,0.625,3.75,2,0.375,3.625,2,0.625,3.625,2,0.375,3.75,2.04687,0.625,3.75,2.04687,0.375,3.625,2.04687,0.625,3.625,2.04687,0.375,3.5,2,0.625,3.5,2,0.375,3.375,2,0.625,3.375,2,0.375,3.5,2.04687,0.625,3.5,2.04687,0.375,3.375,2.04687,0.625,3.375,2.04687,1.375,4.25,2,1.625,4.25,2,1.375,4.125,2,1.625,4.125,2,1.375,4.25,2.04687,1.625,4.25,2.04687,1.375,4.125,2.04687,1.625,4.125,2.04687,1.375,4,2,1.625,4,2,1.375,3.875,2,1.625,3.875,2,1.375,4,2.04687,1.625,4,2.04687,1.375,3.875,2.04687,1.625,3.875,2.04687,1.375,3.75,2,1.625,3.75,2,1.375,3.625,2,1.625,3.625,2,1.375,3.75,2.04687,1.625,3.75,2.04687,1.375,3.625,2.04687,1.625,3.625,2.04687,1.375,3.5,2,1.625,3.5,2,1.375,3.375,2,1.625,3.375,2,1.375,3.5,2.04687,1.625,3.5,2.04687,1.375,3.375,2.04687,1.625,3.375,2.04687],

	"morphTargets" : [],

	"normals" : [-0.707083,0.707083,0,-0.577349,0.577349,-0.577349,-0.707083,0,-0.707083,-1,0,0,0,0.707083,-0.707083,0.577349,0.577349,-0.577349,0.707083,0,-0.707083,0,0,-1,-0.904508,0.301492,0.301492,0.301492,0.904508,0.301492,-0.259468,0.211768,0.942228,0.259468,0.211768,0.942228,0.577349,0.577349,0.577349,-0.577349,0.577349,0.577349,0.904508,0.301492,0.301492,-0.224616,-0.204688,0.952666,0.450575,-0.527451,0.720237,0.448469,0.600024,0.662404,-0.448469,0.600024,0.662404,-0.450575,-0.527451,0.720237,0.224616,-0.204688,0.952666,0.707083,0.707083,0,0,0.707083,0.707083,-0.707083,0,0.707083,0,0,1,0.707083,0,0.707083,1,0,0,-0.577349,-0.577349,0.577349,0.577349,-0.577349,0.577349,0.707083,-0.707083,0,-0.707083,-0.707083,0],

	"colors" : [],

	"uvs" : [[0.366211,0.548828,0.195312,0.548828,0.195312,0.071289,0.366211,0.071289,0.981445,0.548828,0.886719,0.548828,0.886719,0.071289,0.981445,0.071289,0.37793,0.071289,0.553711,0.071289,0.519531,0.201172,0.407227,0.201172,0.366211,0.726562,0.195312,0.726562,0.015625,0.548828,0.015625,0.071289,0.683594,0.548828,0.683594,0.726562,0.588867,0.726562,0.588867,0.548828,0.37793,0.548828,0.588867,0.071289,0.683594,0.071289,0.709961,0.548828,0.709961,0.071289,0.553711,0.548828,0.553711,0.5625,0.37793,0.5625,0.56543,0.548828,0.56543,0.071289,0.519531,0.287109,0.81543,0.753906,0.81543,0.682617,0.885742,0.682617,0.885742,0.753906,0.910156,0.623047,0.791016,0.623047,0.791016,0.813477,0.910156,0.813477,0.950195,0.765625,0.950195,0.682617,0.750977,0.682617,0.750977,0.765625,0.407227,0.287109,0.588867,0.060547,0.683594,0.060547,0.700195,0.814453,0.603516,0.814453,0.603516,0.807617,0.700195,0.807617,0.428711,0.814453,0.428711,0.807617,0.428711,0.762695,0.603516,0.762695,0.700195,0.762695,0.886719,0.023438,0.981445,0.023438,0.195312,0.023438,0.366211,0.023438,0.707031,0.807617,0.707031,0.762695,0.015625,0.023438,0.423828,0.807617,0.423828,0.762695,0.698242,0.071289,0.698242,0.023438,0.709961,0.023438,0.37793,0.023438,0.732422,0.945312,0.732422,0.888672,0.686523,0.888672,0.686523,0.945312,0.679688,0.946289,0.679688,0.888672,0.740234,0.887695,0.740234,0.945312,0.732422,0.952148,0.686523,0.952148,0.686523,0.881836,0.732422,0.881836,0.128906,0.875977,0.128906,0.887695,0.15332,0.887695,0.15332,0.875977,0.128906,0.918945,0.128906,0.930664,0.152344,0.930664,0.152344,0.918945,0.152344,0.93457,0.128906,0.93457,0.15625,0.918945,0.15625,0.930664,0.124023,0.930664,0.124023,0.918945,0.128906,0.914062,0.152344,0.914062,0.15332,0.891602,0.128906,0.891602,0.157227,0.875977,0.157227,0.887695,0.125,0.887695,0.125,0.875977,0.128906,0.871094,0.15332,0.871094,0.130859,0.833008,0.130859,0.844727,0.154297,0.844727,0.154297,0.833008,0.154297,0.848633,0.130859,0.848633,0.158203,0.833008,0.158203,0.844727,0.125977,0.844727,0.125977,0.833008,0.130859,0.828125,0.154297,0.828125,0.131836,0.789062,0.131836,0.800781,0.155273,0.800781,0.155273,0.789062,0.155273,0.805664,0.131836,0.805664,0.15918,0.789062,0.15918,0.800781,0.126953,0.800781,0.126953,0.789062,0.131836,0.785156,0.155273,0.785156,0.228516,0.875,0.228516,0.886719,0.251953,0.886719,0.251953,0.875,0.226562,0.918945,0.226562,0.930664,0.25,0.930664,0.25,0.918945,0.25,0.935547,0.226562,0.935547,0.253906,0.918945,0.253906,0.930664,0.22168,0.930664,0.22168,0.918945,0.226562,0.914062,0.25,0.914062,0.251953,0.891602,0.228516,0.891602,0.255859,0.875,0.255859,0.886719,0.223633,0.886719,0.223633,0.875,0.228516,0.871094,0.251953,0.871094,0.226562,0.834961,0.226562,0.84668,0.25,0.84668,0.25,0.834961,0.25,0.851562,0.226562,0.851562,0.254883,0.834961,0.254883,0.84668,0.222656,0.84668,0.222656,0.834961,0.226562,0.830078,0.25,0.830078,0.227539,0.788086,0.227539,0.799805,0.250977,0.799805,0.250977,0.788086,0.250977,0.804688,0.227539,0.804688,0.255859,0.788086,0.255859,0.799805,0.222656,0.799805,0.222656,0.788086,0.227539,0.78418,0.250977,0.78418]],