{

	"metadata" :
	{
		"formatVersion" : 3.1,
		"generatedBy"   : "Blender 2.7 Exporter",
		"vertices"      : 72,
		"faces"         : 54,
		"normals"       : 32,
		"colors"        : 0,
		"uvs"           : [126],
		"materials"     : 0,
		"morphTargets"  : 0,
		"bones"         : 0
	},

	"scale" : 1.000000,

	"materials" : [],

	"vertices" : [0.125,2.04688,1,0.125,2.04688,0.25,3.875,2.04688,0.25,3.875,2.04688,1,0.125,2.79688,1,0.125,2.79688,0.25,3.875,2.79688,0.25,3.875,2.79688,1,2.00721,1.17327,1.125,2.00721,1.17327,0.375,2.24424,1.09379,0.375,2.24424,1.09379,1.125,2.28538,2.00288,1.125,2.28538,2.00288,0.375,2.52241,1.9234,0.375,2.52241,1.9234,1.125,2.52356,1.09375,1.07375,2.52356,1.09375,0.323751,2.77356,1.09375,0.323751,2.77356,1.09375,1.07375,2.52356,1.96875,1.07375,2.52356,1.96875,0.323751,2.77356,1.96875,0.323751,2.77356,1.96875,1.07375,2.8125,1.09375,1.125,2.8125,1.09375,0.375,3.0625,1.09375,0.375,3.0625,1.09375,1.125,2.8125,1.96875,1.125,2.8125,1.96875,0.375,3.0625,1.96875,0.375,3.0625,1.96875,1.125,1.6875,0.203125,1.125,1.6875,0.203125,0.375,2.1875,0.203125,0.375,2.1875,0.203125,1.125,1.6875,0.390625,1.125,1.6875,0.390625,0.375,2.1875,0.390625,0.375,2.1875,0.390625,1.125,2.375,0.203125,1.125,2.375,0.203125,0.375,3,0.203125,0.375,3,0.203125,1.125,2.375,0.90625,1.125,2.375,0.90625,0.375,3,0.90625,0.375,3,0.90625,1.125,0.875,0.203125,1.125,0.875,0.203125,0.375,1.5,0.203125,0.375,1.5,0.203125,1.125,0.875,0.90625,1.125,0.875,0.90625,0.375,1.5,0.90625,0.375,1.5,0.90625,1.125,1.71756,0.390625,1.11598,1.65897,0.390625,0.368271,2.15744,0.390625,0.329209,2.21603,0.390625,1.07692,1.71756,0.578125,1.11598,1.65897,0.578125,0.368271,2.15744,0.578125,0.329209,2.21603,0.578125,1.07692,1.67439,0.578125,1.06522,1.71504,0.578125,0.316325,2.21431,0.578125,0.343424,2.17366,0.578125,1.09232,1.67439,0.765625,1.06522,1.71504,0.765625,0.316325,2.21431,0.765625,0.343424,2.17366,0.765625,1.09232],

	"morphTargets" : [],

	"normals" : [-0.577349,-0.577349,-0.577349,-0.577349,-0.577349,0.577349,-0.577349,0.577349,0.577349,-0.577349,0.577349,-0.577349,0.577349,0.577349,-0.577349,0.577349,-0.577349,-0.577349,0.577349,0.577349,0.577349,0.577349,-0.577349,0.577349,-0.363842,0.730918,0.577349,-0.363842,0.730918,-0.577349,-0.730918,-0.363842,-0.577349,-0.730918,-0.363842,0.577349,0.730918,0.363842,-0.577349,0.363842,-0.730918,-0.577349,0.730918,0.363842,0.577349,0.363842,-0.730918,0.577349,-0.530473,0.577349,0.620685,-0.620685,0.577349,-0.530473,-0.620685,-0.577349,-0.530473,-0.530473,-0.577349,0.620685,0.530473,0.577349,-0.620685,0.530473,-0.577349,-0.620685,0.620685,0.577349,0.530473,0.620685,-0.577349,0.530473,-0.607776,0.577349,0.545183,-0.545183,0.577349,-0.607776,-0.545183,-0.577349,-0.607776,-0.607776,-0.577349,0.545183,0.607776,0.577349,-0.545183,0.607776,-0.577349,-0.545183,0.545183,0.577349,0.607776,0.545183,-0.577349,0.607776],

	"colors" : [],

	"uvs" : [[0.404086,0.2117,0.307509,0.2117,0.307509,0.115123,0.404086,0.115123,0.886974,0.115123,0.886974,0.211701,0.983551,0.115123,0.983551,0.211701,0.404086,0.308278,0.886973,0.308278,0.886973,0.404855,0.404086,0.404856,0.886974,0.018546,0.404086,0.018546,0.852334,0.57981,0.755757,0.579811,0.755757,0.467137,0.852334,0.467137,0.723564,0.579811,0.723564,0.467137,0.981104,0.57981,0.884527,0.57981,0.884527,0.467137,0.981104,0.467137,0.884527,0.434944,0.981104,0.434944,0.981104,0.612003,0.884527,0.612003,0.852297,0.957012,0.755719,0.957012,0.755718,0.844338,0.852296,0.844338,0.723526,0.957012,0.723526,0.844338,0.981066,0.957011,0.884489,0.957012,0.884489,0.844338,0.981066,0.844338,0.884489,0.812146,0.981066,0.812146,0.981066,0.989204,0.884489,0.989204,0.852296,0.768716,0.755718,0.768716,0.755718,0.656042,0.852296,0.656042,0.723526,0.768716,0.723526,0.656042,0.981066,0.768716,0.884488,0.768716,0.884488,0.656042,0.981066,0.656042,0.884488,0.62385,0.981066,0.62385,0.981066,0.800908,0.884488,0.800908,0.589378,0.893183,0.589375,0.989758,0.565231,0.989757,0.565234,0.893182,0.589374,0.667829,0.589376,0.732217,0.56523,0.732217,0.565228,0.66783,0.589379,0.828798,0.565234,0.828798,0.468657,0.893182,0.468658,0.828798,0.685956,0.828799,0.685955,0.893184,0.10485,0.576182,0.104849,0.479604,0.19539,0.479604,0.195391,0.576182,0.104848,0.399123,0.195389,0.399122,0.10485,0.75324,0.10485,0.656663,0.195391,0.656663,0.195391,0.75324,0.275872,0.656663,0.275872,0.753241,0.024369,0.75324,0.024369,0.656663,0.195391,0.197341,0.195391,0.293918,0.10485,0.293918,0.10485,0.197341,0.195391,0.374399,0.10485,0.374399,0.195392,0.020283,0.195392,0.11686,0.10485,0.11686,0.10485,0.020283,0.024369,0.11686,0.024369,0.020283,0.275873,0.020283,0.275873,0.11686,0.448322,0.567844,0.448322,0.471268,0.472466,0.471268,0.472466,0.567844,0.448321,0.793193,0.448322,0.728807,0.472466,0.728808,0.472466,0.793193,0.448322,0.632229,0.472466,0.632229,0.569044,0.567844,0.569044,0.632229,0.351745,0.632228,0.351745,0.567843,0.35864,0.893195,0.358642,0.989775,0.334497,0.989775,0.334495,0.893196,0.358648,0.667852,0.358645,0.732236,0.334501,0.732235,0.334504,0.667851,0.35864,0.828811,0.334496,0.82881,0.237917,0.893195,0.237918,0.828809,0.455217,0.828811,0.455217,0.893196]],

	"faces" : [41,1,0,4,5,0,1,2,3,0,1,2,3,41,5,6,2,1,3,4,5,0,3,4,5,0,41,6,7,3,2,4,6,7,5,4,6,7,5,41,0,3,7,4,8,9,10,11,1,7,6,2,41,0,1,2,3,8,0,5,9,1,0,5,7,41,7,6,5,4,12,4,3,13,6,4,3,2,41,12,13,9,8,14,15,16,17,8,9,10,11,41,13,14,10,9,15,18,19,16,9,12,13,10,41,14,15,11,10,20,21,22,23,12,14,15,13,41,15,12,8,11,21,14,17,22,14,8,11,15,41,8,9,10,11,24,25,23,22,11,10,13,15,41,15,14,13,12,21,20,26,27,14,12,9,8,41,20,21,17,16,28,29,30,31,2,3,0,1,41,21,22,18,17,29,32,33,30,3,4,5,0,41,22,23,19,18,34,35,36,37,4,6,7,5,41,23,20,16,19,35,28,31,36,6,2,1,7,41,16,17,18,19,38,39,37,36,1,0,5,7,41,23,22,21,20,35,34,40,41,6,4,3,2,41,28,29,25,24,42,43,44,45,2,3,0,1,41,29,30,26,25,43,46,47,44,3,4,5,0,41,30,31,27,26,48,49,50,51,4,6,7,5,41,31,28,24,27,49,42,45,50,6,2,1,7,41,24,25,26,27,52,53,51,50,1,0,5,7,41,31,30,29,28,49,48,54,55,6,4,3,2,41,36,37,33,32,56,57,58,59,2,3,0,1,41,37,38,34,33,60,61,62,63,3,4,5,0,41,38,39,35,34,61,64,65,62,4,6,7,5,41,39,36,32,35,64,56,59,65,6,2,1,7,41,32,33,34,35,59,66,67,65,1,0,5,7,41,39,38,37,36,64,68,69,56,6,4,3,2,41,44,45,41,40,70,71,72,73,2,3,0,1,41,45,46,42,41,71,74,75,72,3,4,5,0,41,46,47,43,42,76,77,78,79,4,6,7,5,41,47,44,40,43,77,70,73,78,6,2,1,7,41,40,41,42,43,80,81,79,78,1,0,5,7,41,47,46,45,44,77,76,82,83,6,4,3,2,41,52,53,49,48,84,85,86,87,2,3,0,1,41,53,54,50,49,85,88,89,86,3,4,5,0,41,54,55,51,50,90,91,92,93,4,6,7,5,41,55,52,48,51,91,84,87,92,6,2,1,7,41,48,49,50,51,94,95,93,92,1,0,5,7,41,55,54,53,52,91,90,96,97,6,4,3,2,41,60,61,57,56,98,99,100,101,16,17,18,19,41,61,62,58,57,102,103,104,105,17,20,21,18,41,62,63,59,58,103,106,107,104,20,22,23,21,41,63,60,56,59,106,98,101,107,22,16,19,23,41,56,57,58,59,101,108,109,107,19,18,21,23,41,63,62,61,60,106,110,111,98,22,20,17,16,41,68,69,65,64,112,113,114,115,24,25,26,27,41,69,70,66,65,116,117,118,119,25,28,29,26,41,70,71,67,66,117,120,121,118,28,30,31,29,41,71,68,64,67,120,112,115,121,30,24,27,31,41,64,65,66,67,115,122,123,121,27,26,29,31,41,71,70,69,68,120,124,125,112,30,28,25,24],

	"bones" : [],

	"skinIndices" : [],

	"skinWeights" : [],

  "animations" : []


}
