{

	"metadata" :
	{
		"formatVersion" : 3.1,
		"generatedBy"   : "Blender 2.7 Exporter",
		"vertices"      : 64,
		"faces"         : 50,
		"normals"       : 52,
		"colors"        : 0,
		"uvs"           : [114],
		"materials"     : 0,
		"morphTargets"  : 0,
		"bones"         : 0
	},

	"scale" : 1.000000,

	"materials" : [],

	"vertices" : [-0.1875,6.14691e-09,0.140625,-0.1875,-6.14691e-09,-0.140625,-0.128906,0.105469,0.140625,0.128906,6.14691e-09,0.140625,-0.152344,0.0351563,0.140625,-0.152344,0.0351562,-0.140625,0.09375,0.0351562,-0.140625,0.09375,0.0351563,0.140625,0.128906,-6.14691e-09,-0.140625,0.0703125,0.0585938,0.140625,-0.128906,0.0585937,-0.140625,-0.128906,0.0585938,0.140625,-0.128906,0.105469,-0.140625,0.0703125,0.105469,-0.140625,0.0703125,0.105469,0.140625,0.0703125,0.0585937,-0.140625,-0.1875,0.199219,0.140625,-0.1875,0.199219,-0.140625,-0.152344,0.199219,0.140625,-0.152344,0.199219,-0.140625,0.128906,0.199219,0.140625,0.09375,0.199219,-0.140625,0.09375,0.199219,0.140625,0.128906,0.199219,-0.140625,-0.12446,0.174324,0.140625,0.0703628,0.11164,0.140625,-0.128216,0.1276,-0.140625,-0.128216,0.1276,0.140625,-0.12446,0.174324,-0.140625,0.0741182,0.158364,-0.140625,0.0741182,0.158364,0.140625,0.0703628,0.11164,-0.140625,-0.106538,0.258075,0.140625,0.0744915,0.16261,0.140625,-0.118326,0.212706,-0.140625,-0.118326,0.212706,0.140625,-0.106538,0.258075,-0.140625,0.0862788,0.207979,-0.140625,0.0862788,0.207979,0.140625,0.0744915,0.16261,-0.140625,-0.0607115,0.353029,0.140625,0.088017,0.21244,0.140625,-0.0842537,0.312495,-0.140625,-0.0842537,0.312495,0.140625,-0.0607115,0.353029,-0.140625,0.111559,0.252974,-0.140625,0.111559,0.252974,0.140625,0.088017,0.21244,-0.140625,0.0398946,0.446198,0.140625,0.114943,0.255796,0.140625,0.00138107,0.419478,-0.140625,0.00138108,0.419478,0.140625,0.0398945,0.446198,-0.140625,0.153456,0.282516,-0.140625,0.153456,0.282516,0.140625,0.114943,0.255796,-0.140625,0.170807,0.48745,0.140625,0.157668,0.283213,0.140625,0.124583,0.479666,-0.140625,0.124583,0.479666,0.140625,0.170807,0.48745,-0.140625,0.203892,0.290998,-0.140625,0.203892,0.290998,0.140625,0.157668,0.283213,-0.140625],

	"morphTargets" : [],

	"normals" : [0.301492,0.301492,0.904508,0.301492,0.301492,-0.904508,0.577349,0.577349,-0.577349,0.577349,0.577349,0.577349,-0.577349,0.577349,-0.577349,0.577349,-0.577349,-0.577349,-0.577349,-0.577349,-0.577349,-0.577349,0.577349,0.577349,-0.577349,-0.577349,0.577349,0.577349,-0.577349,0.577349,-0.301492,0.301492,0.904508,-0.301492,0.301492,-0.904508,-0.529221,0.621723,-0.577349,0.621723,0.529221,-0.577349,0.529221,-0.621723,-0.577349,-0.621723,-0.529221,-0.577349,0.621723,0.529221,0.577349,-0.529221,0.621723,0.577349,-0.621723,-0.529221,0.577349,0.529221,-0.621723,0.577349,-0.413587,0.70397,-0.577349,0.70397,0.413587,-0.577349,0.413587,-0.70397,-0.577349,-0.70397,-0.413587,-0.577349,0.70397,0.413587,0.577349,-0.413587,0.70397,0.577349,-0.70397,-0.413587,0.577349,0.413587,-0.70397,0.577349,-0.209265,0.789209,-0.577349,0.789209,0.209265,-0.577349,0.209265,-0.789209,-0.577349,-0.789209,-0.209265,-0.577349,0.789209,0.209265,0.577349,-0.209265,0.789209,0.577349,-0.789209,-0.209265,0.577349,0.209265,-0.789209,0.577349,0.145238,0.803461,-0.577349,0.803461,-0.145238,-0.577349,-0.145238,-0.803461,-0.577349,-0.803461,0.145238,-0.577349,0.803461,-0.145238,0.577349,0.145238,0.803461,0.577349,-0.803461,0.145238,0.577349,-0.145238,-0.803461,0.577349,0.473434,0.665212,-0.577349,0.665212,-0.473434,-0.577349,-0.473434,-0.665212,-0.577349,-0.665212,0.473434,-0.577349,0.665212,-0.473434,0.577349,0.473434,0.665212,0.577349,-0.665212,0.473434,0.577349,-0.473434,-0.665212,0.577349],

	"colors" : [],

	"uvs" : [[0.770222,0.206059,0.952142,0.206059,0.952142,0.312179,0.770222,0.312179,0.186836,0.099975,0.05768,0.099975,0.05768,0.069585,0.186836,0.069585,0.05768,0.282312,0.186836,0.282313,0.770375,0.464969,0.770375,0.669629,0.746562,0.647186,0.746445,0.488899,0.186836,0.312702,0.05768,0.312702,0.770222,0.046879,0.952142,0.046879,0.217225,0.099975,0.217225,0.282313,0.976107,0.487412,0.976225,0.645699,0.952295,0.669629,0.952295,0.464969,0.747635,0.692369,0.770375,0.798488,0.747635,0.798488,0.02729,0.282312,0.02729,0.099975,0.346381,0.099974,0.346382,0.282313,0.952294,0.336109,0.770375,0.336109,0.975034,0.442229,0.975034,0.336109,0.747635,0.442229,0.747635,0.336109,0.952448,0.822419,0.770528,0.822418,0.952295,0.798488,0.975035,0.692369,0.975035,0.798488,0.952448,0.928538,0.770528,0.928538,0.526893,0.099968,0.397737,0.099968,0.397737,0.069578,0.526893,0.069578,0.397737,0.282305,0.526893,0.282305,0.526893,0.312695,0.397737,0.312695,0.557283,0.099968,0.557283,0.282305,0.367348,0.282305,0.367348,0.099967,0.686439,0.099968,0.686439,0.282305,0.182363,0.565738,0.311519,0.565738,0.311519,0.596128,0.182363,0.596128,0.311519,0.3834,0.182363,0.3834,0.182363,0.353011,0.311519,0.353011,0.151973,0.565738,0.151973,0.3834,0.341909,0.3834,0.341909,0.565738,0.022817,0.565738,0.022817,0.3834,0.542289,0.56419,0.671444,0.56419,0.671444,0.594579,0.542289,0.594579,0.671445,0.381852,0.542289,0.381852,0.542289,0.351462,0.671445,0.351462,0.511899,0.56419,0.511899,0.381852,0.701834,0.381852,0.701834,0.56419,0.382743,0.56419,0.382743,0.381852,0.186366,0.665152,0.049997,0.665152,0.049997,0.633065,0.186366,0.633065,0.049997,0.857672,0.186366,0.857672,0.186366,0.889759,0.049997,0.889759,0.218453,0.665152,0.218452,0.857672,0.01791,0.857672,0.01791,0.665152,0.354821,0.665152,0.354821,0.857672,0.55172,0.665151,0.415351,0.665151,0.415351,0.633065,0.55172,0.633065,0.415351,0.857672,0.551719,0.857672,0.551719,0.889759,0.415351,0.889759,0.583806,0.665151,0.583806,0.857672,0.383264,0.857672,0.383264,0.665151,0.720175,0.665151,0.720175,0.857672]],

	"faces" : [41,4,5,19,18,0,1,2,3,0,1,2,3,41,12,13,15,10,4,5,6,7,4,2,5,6,41,14,13,12,2,8,5,4,9,3,2,4,7,41,0,3,7,4,10,11,12,13,8,9,10,0,41,14,2,11,9,8,9,14,15,3,7,8,9,41,7,6,5,4,16,17,1,0,10,11,1,0,41,2,12,10,11,9,4,18,19,7,4,6,8,41,5,6,8,1,20,21,22,23,1,11,5,6,41,7,3,20,22,24,11,25,26,10,9,3,7,41,0,1,8,3,10,23,22,11,8,6,5,9,41,13,14,9,15,5,8,27,28,2,3,9,5,41,11,10,15,9,19,18,29,30,8,6,5,9,41,18,19,17,16,3,2,31,32,3,2,4,7,41,5,1,17,19,33,23,31,34,1,6,4,2,41,1,0,16,17,23,10,32,31,6,8,7,4,41,0,4,18,16,10,35,36,32,8,0,3,7,41,21,22,20,23,37,38,25,39,4,7,3,2,41,8,6,21,23,22,40,41,39,5,11,4,2,41,3,8,23,20,11,22,39,25,9,5,2,3,41,6,7,22,21,42,43,38,37,11,10,7,4,41,28,29,31,26,44,45,46,47,12,13,14,15,41,30,29,28,24,48,45,44,49,16,13,12,17,41,30,24,27,25,48,49,50,51,16,17,18,19,41,24,28,26,27,49,44,52,53,17,12,15,18,41,29,30,25,31,45,48,54,55,13,16,19,14,41,27,26,31,25,53,52,56,57,18,15,14,19,41,36,37,39,34,58,59,60,61,20,21,22,23,41,38,37,36,32,62,59,58,63,24,21,20,25,41,38,32,35,33,62,63,64,65,24,25,26,27,41,32,36,34,35,63,58,66,67,25,20,23,26,41,37,38,33,39,59,62,68,69,21,24,27,22,41,35,34,39,33,67,66,70,71,26,23,22,27,41,44,45,47,42,72,73,74,75,28,29,30,31,41,46,45,44,40,76,73,72,77,32,29,28,33,41,46,40,43,41,76,77,78,79,32,33,34,35,41,40,44,42,43,77,72,80,81,33,28,31,34,41,45,46,41,47,73,76,82,83,29,32,35,30,41,43,42,47,41,81,80,84,85,34,31,30,35,41,52,53,55,50,86,87,88,89,36,37,38,39,41,54,53,52,48,90,87,86,91,40,37,36,41,41,54,48,51,49,90,91,92,93,40,41,42,43,41,48,52,50,51,91,86,94,95,41,36,39,42,41,53,54,49,55,87,90,96,97,37,40,43,38,41,51,50,55,49,95,94,98,99,42,39,38,43,41,60,61,63,58,100,101,102,103,44,45,46,47,41,62,61,60,56,104,101,100,105,48,45,44,49,41,62,56,59,57,104,105,106,107,48,49,50,51,41,56,60,58,59,105,100,108,109,49,44,47,50,41,61,62,57,63,101,104,110,111,45,48,51,46,41,59,58,63,57,109,108,112,113,50,47,46,51],

	"bones" : [],

	"skinIndices" : [],

	"skinWeights" : [],

  "animations" : []


}
