{

	"metadata" :
	{
		"formatVersion" : 3.1,
		"generatedBy"   : "Blender 2.7 Exporter",
		"vertices"      : 8,
		"faces"         : 6,
		"normals"       : 8,
		"colors"        : 0,
		"uvs"           : [16],
		"materials"     : 0,
		"morphTargets"  : 0,
		"bones"         : 0
	},

	"scale" : 1.000000,

	"materials" : [],

	"vertices" : [0,6.8299e-10,0.015625,0,0,0,1.75,0,0,1.75,6.8299e-10,0.015625,0,2.5,0.0156249,0,2.5,-1.09278e-07,1.75,2.5,-1.09278e-07,1.75,2.5,0.0156249],

	"morphTargets" : [],

	"normals" : [-0.577349,-0.577349,-0.577349,-0.577349,-0.577349,0.577349,-0.577349,0.577349,0.577349,-0.577349,0.577349,-0.577349,0.577349,0.577349,-0.577349,0.577349,-0.577349,-0.577349,0.577349,0.577349,0.577349,0.577349,-0.577349,0.577349],

	"colors" : [],

	"uvs" : [[0.02279,0.14023,0.031426,0.14023,0.031426,0.745136,0.02279,0.745136,0.95018,0.946165,0.52089,0.946165,0.52089,0.341284,0.95018,0.341284,0.468775,0.745136,0.460733,0.745136,0.460733,0.14023,0.468775,0.14023,0.031426,0.132256,0.460733,0.132256,0.460733,0.753229,0.031426,0.753229]],

	"faces" : [41,1,0,4,5,0,1,2,3,0,1,2,3,41,5,6,2,1,4,5,6,7,3,4,5,0,41,6,7,3,2,8,9,10,11,4,6,7,5,41,0,3,7,4,1,10,9,2,1,7,6,2,41,0,1,2,3,1,12,13,10,1,0,5,7,41,7,6,5,4,9,14,15,2,6,4,3,2],

	"bones" : [],

	"skinIndices" : [],

	"skinWeights" : [],

  "animations" : []


}
