{

	"metadata" :
	{
		"formatVersion" : 3.1,
		"generatedBy"   : "Blender 2.7 Exporter",
		"vertices"      : 62,
		"faces"         : 69,
		"normals"       : 58,
		"colors"        : 0,
		"uvs"           : [124],
		"materials"     : 0,
		"morphTargets"  : 0,
		"bones"         : 0
	},

	"scale" : 1.000000,

	"materials" : [],

	"vertices" : [-0.125,-4.37114e-08,-1,0.125,-4.37114e-08,-1,-0.125,0.1875,-0.125,-0.125,0.0625,-1,0.125,0.0625,-1,0.125,0.1875,-0.125,-1,5.46392e-09,0.125,-1,-5.46392e-09,-0.125,-0.125,-5.46392e-09,-0.125,-1,0.0625,0.125,-1,0.0625,-0.125,-0.125,0.1875,0.125,0.125,-5.46392e-09,-0.125,1,-5.46392e-09,-0.125,1,5.46392e-09,0.125,1,0.0625,-0.125,1,0.0625,0.125,-0.125,4.37114e-08,1,-0.125,5.46392e-09,0.125,0.125,5.46392e-09,0.125,0.125,4.37114e-08,1,-0.125,0.0625,1,0.125,0.1875,0.125,0.125,0.0625,1,-0.0883883,0.21875,-0.0883885,-0.0883883,0.21875,0.0883884,0.0883884,0.21875,0.0883884,0.125,0.21875,-9.56187e-09,0.0883884,0.21875,-0.0883885,0,2.875,-0.125,-0.0883883,2.875,-0.0883886,-0.125,2.875,-1.2567e-07,-0.0883883,2.875,0.0883883,1.09278e-08,2.875,0.125,0.0883884,2.875,0.0883883,0.125,2.875,-1.2567e-07,0.0883884,2.875,-0.0883886,0,0.21875,0.125,0,0.09375,1,-0.125,0.21875,-9.56187e-09,-1,0.09375,-4.09794e-09,1,0.09375,-4.09794e-09,0,0.21875,-0.125,0,0.09375,-1,0,2.875,-1.2567e-07,0,2.875,-1,-0.707107,2.875,-0.707107,-1,2.875,-1.2567e-07,-0.707107,2.875,0.707107,8.74228e-08,2.875,1,0.707107,2.875,0.707106,1,2.875,-1.2567e-07,0.707107,2.875,-0.707107,0,3,-1.31134e-07,0,3,-1,-0.707107,3,-0.707107,-1,3,-1.31134e-07,-0.707107,3,0.707107,8.74228e-08,3,1,0.707107,3,0.707106,1,3,-1.31134e-07,0.707107,3,-0.707107],

	"morphTargets" : [],

	"normals" : [0,0.700827,-0.713309,0,0.706229,-0.707938,-0.638752,0.453017,-0.621845,-0.45323,0.767541,-0.45323,0.45323,0.767541,0.45323,0.638752,0.453017,0.621845,0.577349,-0.577349,0.577349,0.301492,-0.904508,0.301492,0.713309,0.700827,0,0.589984,0.551195,-0.589984,0.707083,0,-0.707083,1,0,0,0.589984,0.551195,0.589984,0.707083,0,0.707083,0,0.700827,0.713309,0,0.706229,0.707938,-0.45323,0.767541,0.45323,-0.713309,0.700827,0,-0.707938,0.706229,0,-0.621845,0.453017,0.638752,-0.577349,-0.577349,0.577349,-0.301492,-0.904508,0.301492,-0.577349,-0.577349,-0.577349,-0.301492,-0.904508,-0.301492,0.45323,0.767541,-0.45323,0.638752,0.453017,-0.621845,0.301492,-0.904508,-0.301492,0.577349,-0.577349,-0.577349,-0.621845,0.453017,-0.638752,0.621845,0.453017,-0.638752,0.621845,0.453017,0.638752,0.707938,0.706229,0,-0.638752,0.453017,0.621845,-0.589984,0.551195,0.589984,-0.707083,0,0.707083,-1,0,0,-0.589984,0.551195,-0.589984,-0.707083,0,-0.707083,0,0,1,0,0,-1,0,-1,0,-0.548967,-0.630238,-0.548967,0,-0.630238,-0.77636,-0.77636,-0.630238,0,-0.548967,-0.630238,0.548967,0,-0.630238,0.77636,0.548967,-0.630238,0.548967,0.77636,-0.630238,0,0.548967,-0.630238,-0.548967,0,1,0,0,0.630238,-0.77636,-0.548967,0.630238,-0.548967,-0.77636,0.630238,0,-0.548967,0.630238,0.548967,0,0.630238,0.77636,0.548967,0.630238,0.548967,0.77636,0.630238,0,0.548967,0.630238,-0.548967],

	"colors" : [],

	"uvs" : [[0.539062,0.228516,0.719727,0.228516,0.720703,0.253906,0.540039,0.253906,0.540039,0.048828,0.719727,0.048828,0.722656,0.026367,0.545898,0.011719,0.953125,0.026367,0.972656,0.026367,0.972656,0.577148,0.953125,0.577148,0.932617,0.026367,0.932617,0.577148,0.539062,0.075195,0.71875,0.075195,0.539062,0.350586,0.538086,0.376953,0.717773,0.376953,0.71875,0.350586,0.475586,0.776367,0.288086,0.776367,0.288086,0.723633,0.475586,0.723633,0.288086,0.963867,0.235352,0.963867,0.235352,0.776367,0.540039,0.202148,0.720703,0.202148,0.53125,0.057617,0.723633,0.277344,0.545898,0.291992,0.545898,0.164062,0.723633,0.178711,0.235352,0.723633,0.235352,0.536133,0.288086,0.536133,0.71875,0.40332,0.539062,0.40332,0.544922,0.441406,0.722656,0.425781,0.72168,0.327148,0.544922,0.3125,0.533203,0.549805,0.712891,0.549805,0.716797,0.573242,0.539062,0.587891,0.712891,0.498047,0.533203,0.498047,0.539062,0.459961,0.716797,0.474609,0.712891,0.523438,0.532227,0.523438,0.719727,0.101562,0.540039,0.101562,0.545898,0.139648,0.723633,0.125,0.873047,0.026367,0.892578,0.026367,0.892578,0.577148,0.873047,0.577148,0.852539,0.026367,0.852539,0.577148,0.913086,0.026367,0.913086,0.577148,0.8125,0.026367,0.833008,0.026367,0.833008,0.577148,0.8125,0.577148,0.235352,0.523438,0.288086,0.523438,0.047852,0.776367,0.047852,0.723633,0.524414,0.505859,0.53125,0.092773,0.530273,0.359375,0.530273,0.394531,0.53125,0.246094,0.53125,0.209961,0.524414,0.541992,0.261719,0.516602,0.488281,0.723633,0.495117,0.75,0.488281,0.776367,0.288086,0.976562,0.261719,0.983398,0.235352,0.976562,0.035156,0.776367,0.02832,0.75,0.035156,0.723633,0.789062,0.792969,0.710938,0.604492,0.867188,0.604492,0.600586,0.714844,0.600586,0.870117,0.710938,0.980469,0.867188,0.980469,0.977539,0.870117,0.977539,0.714844,0.24707,0.241211,0.329102,0.438477,0.165039,0.438477,0.049805,0.323242,0.049805,0.15918,0.165039,0.043945,0.329102,0.043945,0.444336,0.160156,0.444336,0.323242,0.023438,0.323242,0.023438,0.15918,0.462891,0.341797,0.347656,0.458008,0.347656,0.025391,0.462891,0.140625,0.03125,0.140625,0.146484,0.025391,0.329102,0.46582,0.165039,0.464844,0.146484,0.457031,0.03125,0.341797,0.470703,0.160156,0.470703,0.323242,0.165039,0.017578,0.329102,0.017578]],

	"faces" : [41,42,43,3,2,0,1,2,3,0,1,2,3,41,22,23,20,19,4,5,6,7,4,5,6,7,41,27,28,36,35,8,9,10,11,8,9,10,11,41,26,27,35,34,12,8,11,13,12,8,11,13,41,23,22,37,38,5,4,14,15,5,4,14,15,41,11,39,40,9,16,17,18,19,16,17,18,19,41,17,18,19,20,20,21,22,23,20,21,7,6,41,6,7,8,18,24,25,26,21,20,22,23,21,41,5,4,43,42,27,28,1,0,24,25,1,0,40,37,22,26,14,4,29,14,4,12,41,0,8,2,3,30,31,3,2,22,23,3,2,41,4,5,12,1,28,27,32,33,25,24,26,27,41,19,12,13,14,22,34,35,36,7,26,27,6,41,10,2,8,7,37,38,39,40,28,3,23,22,41,11,9,6,18,16,19,41,42,16,19,20,21,41,39,2,10,40,17,38,37,18,17,3,28,18,41,5,15,13,12,43,44,45,46,24,29,27,26,41,16,22,19,14,47,48,49,50,30,4,7,6,41,41,15,5,27,51,44,43,52,31,29,24,8,41,21,11,18,17,53,54,55,56,32,16,21,20,41,38,37,11,21,15,14,54,53,15,14,16,32,41,39,25,32,31,57,58,59,60,17,33,34,35,41,24,39,31,30,61,57,60,62,36,17,35,37,41,37,26,34,33,63,12,13,64,14,12,13,38,41,28,42,29,36,65,66,67,68,9,0,39,10,41,42,24,30,29,66,61,62,67,0,36,37,39,41,25,37,33,32,58,63,64,59,33,14,38,34,41,16,41,27,22,47,51,52,48,30,31,8,4,41,15,16,14,13,69,70,36,35,29,30,6,27,41,8,0,1,12,26,71,72,34,23,22,27,26,40,27,26,22,52,73,48,8,12,4,40,37,25,11,14,74,54,14,33,16,40,39,11,25,17,16,75,17,16,33,40,39,24,2,17,76,38,17,36,3,40,42,2,24,0,3,77,0,3,36,40,42,28,5,0,78,27,0,9,24,40,27,5,28,52,43,79,8,24,9,40,15,41,16,69,80,70,29,31,30,41,8,12,19,18,26,34,22,21,23,26,7,21,40,23,38,21,81,82,83,5,15,32,41,17,20,23,21,20,23,81,83,20,6,5,32,40,9,40,10,84,85,86,19,18,28,41,9,10,7,6,84,86,25,24,19,28,22,20,40,3,43,4,87,88,89,2,1,25,41,1,0,3,4,72,71,87,89,27,22,2,25,40,44,46,45,90,91,92,40,41,42,40,44,47,46,90,93,91,40,43,41,40,44,48,47,90,94,93,40,44,43,40,44,49,48,90,95,94,40,45,44,40,44,50,49,90,96,95,40,46,45,40,44,51,50,90,97,96,40,47,46,40,44,52,51,90,98,97,40,48,47,40,44,45,52,90,92,98,40,42,48,40,53,54,55,99,100,101,49,50,51,40,53,55,56,99,101,102,49,51,52,40,53,56,57,99,102,103,49,52,53,40,53,57,58,99,103,104,49,53,54,40,53,58,59,99,104,105,49,54,55,40,53,59,60,99,105,106,49,55,56,40,53,60,61,99,106,107,49,56,57,40,53,61,54,99,107,100,49,57,50,41,47,48,57,56,108,109,103,102,43,44,53,52,41,52,45,54,61,110,111,100,107,48,42,50,57,41,50,51,60,59,112,113,106,105,46,47,56,55,41,48,49,58,57,114,115,104,103,44,45,54,53,41,45,46,55,54,116,117,101,100,42,41,51,50,41,46,47,56,55,118,119,102,101,41,43,52,51,41,51,52,61,60,120,121,107,106,47,48,57,56,41,49,50,59,58,122,123,105,104,45,46,55,54],

	"bones" : [],

	"skinIndices" : [],

	"skinWeights" : [],

  "animations" : []


}
