{

	"metadata" :
	{
		"formatVersion" : 3.1,
		"generatedBy"   : "Blender 2.7 Exporter",
		"vertices"      : 16,
		"faces"         : 14,
		"normals"       : 12,
		"colors"        : 0,
		"uvs"           : [40],
		"materials"     : 0,
		"morphTargets"  : 0,
		"bones"         : 0
	},

	"scale" : 1.000000,

	"materials" : [],

	"vertices" : [0.71875,0.46875,0.015625,0.03125,0.46875,0.015625,0.71875,0.03125,0.015625,0.03125,0.03125,0.015625,0,0.5,-1.44051e-08,0,-3.25675e-16,-7.45058e-09,0.75,0.5,-1.44051e-08,0.75,-3.25675e-16,-7.45058e-09,0.71875,0.46875,0.046875,0.03125,0.46875,0.046875,0.71875,0.03125,0.046875,0.03125,0.03125,0.046875,0,0.5,0.046875,0,2.04897e-09,0.046875,0.75,0.5,0.046875,0.75,2.04897e-09,0.046875],

	"morphTargets" : [],

	"normals" : [-0.577349,0.577349,0.577349,-0.577349,-0.577349,0.577349,0.577349,-0.577349,0.577349,0.577349,0.577349,0.577349,-0.301492,-0.301492,0.904508,0.301492,-0.301492,0.904508,0.577349,0.577349,-0.577349,0.577349,-0.577349,-0.577349,-0.577349,-0.577349,-0.577349,-0.577349,0.577349,-0.577349,0.301492,0.301492,0.904508,-0.301492,0.301492,0.904508],

	"colors" : [],

	"uvs" : [[0.968892,0.491561,0.968892,0.968664,0.219158,0.968664,0.219158,0.491561,0.185386,0.578143,0.138443,0.578143,0.138443,0.937418,0.185386,0.937418,0.248215,0.026129,0.248215,0.072545,0.602177,0.072545,0.602177,0.026129,0.967063,0.026037,0.967063,0.072453,0.613101,0.072453,0.613101,0.026037,0.025768,0.10846,0.081916,0.10846,0.081916,0.537512,0.025768,0.537512,0.646924,0.114796,0.938952,0.114796,0.576402,0.114888,0.284374,0.114888,0.082306,0.545772,0.082306,0.974823,0.138052,0.147058,0.138052,0.506333,0.026159,0.974823,0.026159,0.545772,0.646924,0.153011,0.938952,0.153011,0.284374,0.153102,0.576402,0.153102,0.184996,0.506333,0.184996,0.147058,0.399504,0.201016,0.399504,0.443634,0.809997,0.443634,0.809997,0.201016]],

	"faces" : [41,2,0,1,3,0,1,2,3,0,1,2,3,41,0,8,9,1,4,5,6,7,1,4,5,2,41,6,14,15,7,8,9,10,11,6,3,2,7,41,5,13,12,4,12,13,14,15,8,1,0,9,41,7,15,13,5,16,17,18,19,7,2,1,8,41,9,12,13,11,20,14,13,21,5,0,1,10,41,10,15,14,8,22,10,9,23,11,2,3,4,41,14,12,9,8,24,25,6,5,3,0,5,4,41,10,11,13,15,26,27,18,17,11,10,1,2,41,4,12,14,6,28,25,24,29,9,0,3,6,41,1,9,11,3,30,20,21,31,2,5,10,3,41,8,0,2,10,23,32,33,22,4,1,0,11,41,3,11,10,2,34,27,26,35,3,10,11,0,41,5,4,6,7,36,37,38,39,8,9,6,7],

	"bones" : [],

	"skinIndices" : [],

	"skinWeights" : [],

  "animations" : []


}
