{

	"metadata" :
	{
		"formatVersion" : 3.1,
		"generatedBy"   : "Blender 2.7 Exporter",
		"vertices"      : 4,
		"faces"         : 1,
		"normals"       : 1,
		"colors"        : 0,
		"uvs"           : [4],
		"materials"     : 0,
		"morphTargets"  : 0,
		"bones"         : 0
	},

	"scale" : 1.000000,

	"materials" : [],

	"vertices" : [-1.15597e-07,0,0,-1.15597e-07,8,-3.49691e-07,4,0,0,4,8,-3.49691e-07],

	"morphTargets" : [],

	"normals" : [0,0,1],

	"colors" : [],

	"uvs" : [[0.279871,0.985921,0.279871,0.014079,0.7118,0.014079,0.7118,0.985921]],

	"faces" : [41,1,0,2,3,0,1,2,3,0,0,0,0],

	"bones" : [],

	"skinIndices" : [],

	"skinWeights" : [],

  "animations" : []


}
