{

	"metadata" :
	{
		"formatVersion" : 3.1,
		"generatedBy"   : "Blender 2.7 Exporter",
		"vertices"      : 128,
		"faces"         : 136,
		"normals"       : 114,
		"colors"        : 0,
		"uvs"           : [256],
		"materials"     : 0,
		"morphTargets"  : 0,
		"bones"         : 0
	},

	"scale" : 1.000000,

	"materials" : [],

	"vertices" : [0.020364,0.213415,0.0585,0.036916,0.227437,0.0585,0.0482483,0.230873,0.0585,0.0674374,0.232262,0.0585,0.102009,0.220213,0.0585,0.125003,0.167667,0.0585,0.06726,0.178292,0.0585,0.0626455,0.184942,0.0585,0.0503562,0.192364,0.0585,0.0422342,0.192683,0.0585,0.0211986,0.181867,0.0585,0.0157035,0.0761719,0.0585,-0.0382304,0.226026,0.0585,0.0157035,0.226026,0.0585,-0.0627263,0.226026,0.0585,-0.0627263,0.0761719,0.0585,-0.106924,0.255359,0.0585,-0.120904,0.279483,0.0585,-0.0715501,0.30001,0.0585,-0.0608477,0.289688,0.0585,-0.0629244,0.262678,0.0585,-0.0750907,0.253597,0.0585,0.020364,0.213415,-0.0585,0.026709,0.220565,-0.0585,0.036916,0.227437,-0.0585,0.0674357,0.232262,-0.0585,0.0846231,0.22975,-0.0585,0.11509,0.205666,-0.0585,0.121242,0.191364,-0.0585,0.0710677,0.0761719,-0.0585,0.06726,0.178292,-0.0585,0.0626455,0.184942,-0.0585,0.0564896,0.189962,-0.0585,0.0352201,0.19132,-0.0585,0.0277481,0.187594,-0.0585,0.0211986,0.181867,-0.0585,0.0157035,0.0761719,-0.0585,-0.0382304,0.226026,-0.0585,-0.115868,0.0761719,-0.0585,-0.0627263,0.226026,-0.0585,-0.0627263,0.0761719,-0.0585,-0.0913563,0.250815,-0.0585,-0.106924,0.255359,-0.0585,-0.117626,0.265682,-0.0585,-0.120904,0.279483,-0.0585,-0.0575695,0.275886,-0.0585,-0.115868,0.0761719,0.0585,-0.115868,0.226026,-0.0585,-0.115868,0.226026,0.0585,-0.0913563,0.250815,0.0585,-0.117626,0.265682,0.0585,-0.115549,0.292692,-0.0585,-0.115549,0.292692,0.0585,-0.103383,0.301772,-0.0585,-0.103383,0.301772,0.0585,-0.0715501,0.30001,-0.0585,-0.0608477,0.289688,-0.0585,-0.0575695,0.275886,0.0585,-0.0629244,0.262678,-0.0585,-0.0750907,0.253597,-0.0585,-0.0871175,0.304554,-0.0585,-0.0871175,0.304554,0.0585,0.0157035,0.206334,-0.0585,0.0157035,0.206334,0.0585,0.026709,0.220565,0.0585,0.0482483,0.230873,-0.0585,0.0846231,0.22975,0.0585,0.102009,0.220213,-0.0585,0.11509,0.205666,0.0585,0.121242,0.191364,0.0585,0.125003,0.167667,-0.0585,0.125002,0.0761719,-0.0585,0.125002,0.0761719,0.0585,0.0710677,0.0761719,0.0585,0.0709708,0.165767,-0.0585,0.0709708,0.165767,0.0585,0.0698324,0.172212,-0.0585,0.0698324,0.172212,0.0585,0.0564896,0.189962,0.0585,0.0503562,0.192364,-0.0585,0.0422342,0.192683,-0.0585,0.0352201,0.19132,0.0585,0.0277481,0.187594,0.0585,0.0157035,0.171921,-0.0585,0.0157035,0.171921,0.0585,-0.0382304,0.0761719,-0.0585,-0.0382304,0.0761719,0.0585,0.0157035,0.226026,-0.0585,-0.18436,0.363281,0.0365625,0.1875,0.351562,-0.0365625,0.1875,0.351562,0.0365625,-0.1875,0.0234375,0.0365625,-0.18436,0.0117188,0.0365625,-0.175781,0.00314004,0.0365625,-0.164062,1.5982e-09,0.0365625,-0.1875,0.351562,0.0365625,0.164062,1.5982e-09,0.0365625,0.175781,0.00314004,0.0365625,0.18436,0.0117188,0.0365625,0.1875,0.0234375,0.0365625,-0.175781,0.37186,0.0365625,-0.164062,0.375,0.0365625,0.164062,0.375,0.0365625,0.175781,0.37186,0.0365625,0.18436,0.363281,0.0365625,-0.18436,0.363281,-0.0365625,-0.1875,0.0234375,-0.0365625,-0.18436,0.0117187,-0.0365625,-0.175781,0.00314004,-0.0365625,-0.164062,-1.5982e-09,-0.0365625,-0.1875,0.351562,-0.0365625,0.164062,-1.5982e-09,-0.0365625,0.175781,0.00314004,-0.0365625,0.18436,0.0117187,-0.0365625,0.1875,0.0234375,-0.0365625,-0.175781,0.37186,-0.0365625,-0.164062,0.375,-0.0365625,0.175781,0.37186,-0.0365625,0.18436,0.363281,-0.0365625,-0.164062,0.351562,0.0365625,0.164062,0.351562,0.0365625,-0.164062,0.0234375,0.0365625,0.164062,0.0234375,0.0365625,0.164062,0.375,-0.0365625,-0.164062,0.351562,-0.0365625,0.164062,0.351562,-0.0365625,-0.164062,0.0234375,-0.0365625,0.164062,0.0234375,-0.0365625],

	"morphTargets" : [],

	"normals" : [0.516526,-0.416425,0.748161,0.620319,-0.159948,0.767846,0.620319,-0.159948,-0.767846,0.516526,-0.416425,-0.748161,0.577349,0.577349,0.577349,0.044801,0.149602,0.987701,0.044801,0.149602,-0.987701,0.577349,0.577349,-0.577349,-0.577349,-0.577349,0.577349,0.577349,-0.577349,0.577349,-0.683798,-0.060274,0.727165,-0.651967,-0.192785,0.733299,-0.651967,-0.192785,-0.733299,-0.683798,-0.060274,-0.727165,-0.577349,-0.577349,-0.577349,0.577349,-0.577349,-0.577349,-0.577349,0.577349,-0.577349,-0.577349,0.577349,0.577349,0.296854,-0.691946,0.658071,-0.043031,-0.750145,0.659841,-0.043031,-0.750145,-0.659841,0.296854,-0.691946,-0.658071,0.600665,-0.463668,0.651295,0.600665,-0.463668,-0.651295,0.762291,-0.058016,0.644581,0.762291,-0.058016,-0.644581,0.660878,0.376934,0.648915,0.660878,0.376934,-0.648915,0.378277,0.652089,0.656972,0.378277,0.652089,-0.656972,0.043031,0.750145,-0.659841,-0.296854,0.691946,-0.658071,-0.296854,0.691946,0.658071,0.043031,0.750145,0.659841,-0.600665,0.463668,0.651295,-0.600665,0.463668,-0.651295,-0.762291,0.058016,0.644581,-0.762291,0.058016,-0.644581,-0.660878,-0.376934,0.648915,-0.660878,-0.376934,-0.648915,-0.378277,-0.652089,0.656972,-0.378277,-0.652089,-0.656972,-0.573473,0.439558,0.691275,-0.573473,0.439558,-0.691275,0.577319,-0.577349,0.577349,-0.576983,-0.577624,0.57738,-0.576983,-0.577624,-0.57738,0.577319,-0.577349,-0.577349,0.21662,-0.638142,0.738762,0.376354,-0.561418,0.736961,0.376354,-0.561418,-0.736961,0.21662,-0.638142,-0.738762,0.051759,-0.677145,0.734001,0.051759,-0.677145,-0.734001,-0.136235,-0.651265,0.746483,-0.136235,-0.651265,-0.746483,-0.337199,-0.577258,0.743645,-0.337199,-0.577258,-0.743645,-0.597644,-0.329173,0.73104,-0.493728,-0.456893,0.739891,-0.493728,-0.456893,-0.739891,-0.597644,-0.329173,-0.73104,0.721702,0.056887,0.68981,0.721702,0.056887,-0.68981,-0.133122,0.718162,-0.682974,-0.316507,0.666311,-0.67513,0.623493,0.398999,0.672292,0.460311,0.58092,0.671255,0.026582,0.729453,-0.683462,0.236122,0.704489,-0.669271,0.704093,0.203833,-0.680197,0.623493,0.398999,-0.672292,0.026582,0.729453,0.683462,0.236122,0.704489,0.669271,-0.133122,0.718162,0.682974,-0.316507,0.666311,0.67513,0.460311,0.58092,-0.671255,-0.482894,0.551897,0.67983,-0.482894,0.551897,-0.67983,0.704093,0.203833,0.680197,0.095828,0.727958,0.678854,-0.095828,0.727958,0.678854,0,0,1,0.655721,0.378552,0.653218,0.727958,0.095828,0.678854,0.378552,0.655721,0.653218,-0.655721,0.378552,0.653218,-0.727958,0.095828,0.678854,-0.378552,0.655721,0.653218,-0.378582,0.655721,-0.653218,-0.655721,0.378552,-0.653218,0.095828,-0.727958,0.678854,0.095828,-0.727958,-0.678854,0.378552,-0.655721,-0.653218,0.378552,-0.655721,0.653218,-0.727958,-0.095828,0.678854,-0.727958,-0.095828,-0.678854,-0.655721,-0.378552,-0.653218,-0.655721,-0.378552,0.653218,-0.095828,0.727958,-0.678854,0.655721,-0.378552,-0.653218,0.655721,-0.378552,0.653218,-0.378552,-0.655721,-0.653218,-0.378552,-0.655721,0.653218,-0.727958,0.095828,-0.678854,0.727958,-0.095828,-0.678854,0.727958,-0.095828,0.678854,-0.095828,-0.727958,-0.678854,-0.095828,-0.727958,0.678854,0.727958,0.095828,-0.678854,0.655721,0.378552,-0.653218,0.378582,0.655721,-0.653218,0,0,-1,0.095828,0.727958,-0.678854],

	"colors" : [],